{
  "project_info": {
    "project_number": "704836944830",
    "firebase_url": "https://development-project-243607.firebaseio.com",
    "project_id": "development-project-243607",
    "storage_bucket": "development-project-243607.appspot.com"
  },
  "client": [
    {
      "client_info": {
        "mobilesdk_app_id": "1:704836944830:android:a72d2ea9749768bc",
        "android_client_info": {
          "package_name": "com.anangkur.codelabs_flutter_firebase"
        }
      },
      "oauth_client": [
        {
          "client_id": "704836944830-lmf3lcj5kpknrbvis44e575q4o25897b.apps.googleusercontent.com",
          "client_type": 1,
          "android_info": {
            "package_name": "com.anangkur.codelabs_flutter_firebase",
            "certificate_hash": "70c8e26fa1d867e6112bf7178e3c161693ca8b08"
          }
        },
        {
          "client_id": "704836944830-4kmij9bjrb2m7e49282qmoubfd41k5v5.apps.googleusercontent.com",
          "client_type": 3
        }
      ],
      "api_key": [
        {
          "current_key": "AIzaSyCAUfUvxMcAPSLoHqJ5_r-BxAgl5NIPdNQ"
        }
      ],
      "services": {
        "appinvite_service": {
          "other_platform_oauth_client": [
            {
              "client_id": "704836944830-4kmij9bjrb2m7e49282qmoubfd41k5v5.apps.googleusercontent.com",
              "client_type": 3
            }
          ]
        }
      }
    },
    {
      "client_info": {
        "mobilesdk_app_id": "1:704836944830:android:fd90674f36bbb2e9",
        "android_client_info": {
          "package_name": "com.anangkur.codelabsmlkitbarcode"
        }
      },
      "oauth_client": [
        {
          "client_id": "704836944830-6ngmt42ltrfo9lf00n5c5iqni3n56f91.apps.googleusercontent.com",
          "client_type": 1,
          "android_info": {
            "package_name": "com.anangkur.codelabsmlkitbarcode",
            "certificate_hash": "70c8e26fa1d867e6112bf7178e3c161693ca8b08"
          }
        },
        {
          "client_id": "704836944830-4kmij9bjrb2m7e49282qmoubfd41k5v5.apps.googleusercontent.com",
          "client_type": 3
        }
      ],
      "api_key": [
        {
          "current_key": "AIzaSyCAUfUvxMcAPSLoHqJ5_r-BxAgl5NIPdNQ"
        }
      ],
      "services": {
        "appinvite_service": {
          "other_platform_oauth_client": [
            {
              "client_id": "704836944830-4kmij9bjrb2m7e49282qmoubfd41k5v5.apps.googleusercontent.com",
              "client_type": 3
            }
          ]
        }
      }
    },
    {
      "client_info": {
        "mobilesdk_app_id": "1:704836944830:android:4f268bacae27fc6e",
        "android_client_info": {
          "package_name": "com.anangkur.madesubmission1"
        }
      },
      "oauth_client": [
        {
          "client_id": "704836944830-42h96lhgkkfcqsolbfpl8h1811mnnonl.apps.googleusercontent.com",
          "client_type": 1,
          "android_info": {
            "package_name": "com.anangkur.madesubmission1",
            "certificate_hash": "70c8e26fa1d867e6112bf7178e3c161693ca8b08"
          }
        },
        {
          "client_id": "704836944830-4kmij9bjrb2m7e49282qmoubfd41k5v5.apps.googleusercontent.com",
          "client_type": 3
        }
      ],
      "api_key": [
        {
          "current_key": "AIzaSyCAUfUvxMcAPSLoHqJ5_r-BxAgl5NIPdNQ"
        }
      ],
      "services": {
        "appinvite_service": {
          "other_platform_oauth_client": [
            {
              "client_id": "704836944830-4kmij9bjrb2m7e49282qmoubfd41k5v5.apps.googleusercontent.com",
              "client_type": 3
            }
          ]
        }
      }
    },
    {
      "client_info": {
        "mobilesdk_app_id": "1:704836944830:android:b4cd1f795dec31f8",
        "android_client_info": {
          "package_name": "com.volunteam.templatevolunteamandroid"
        }
      },
      "oauth_client": [
        {
          "client_id": "704836944830-h2vguim6muu9dmpupgdasln5ulvoog50.apps.googleusercontent.com",
          "client_type": 1,
          "android_info": {
            "package_name": "com.volunteam.templatevolunteamandroid",
            "certificate_hash": "70c8e26fa1d867e6112bf7178e3c161693ca8b08"
          }
        },
        {
          "client_id": "704836944830-4kmij9bjrb2m7e49282qmoubfd41k5v5.apps.googleusercontent.com",
          "client_type": 3
        }
      ],
      "api_key": [
        {
          "current_key": "AIzaSyCAUfUvxMcAPSLoHqJ5_r-BxAgl5NIPdNQ"
        }
      ],
      "services": {
        "appinvite_service": {
          "other_platform_oauth_client": [
            {
              "client_id": "704836944830-4kmij9bjrb2m7e49282qmoubfd41k5v5.apps.googleusercontent.com",
              "client_type": 3
            }
          ]
        }
      }
    }
  ],
  "configuration_version": "1"
}